nome,casa,partido,eixo,escopo,valor_pct,n_observacoes,n_oportunidades,periodo_inicio,periodo_fim,metodologia_versao,url_perfil
"Afonso Hamm","camara","PP","Alinhamento com o governo federal","merito","49.6","353","578","2023-02-01","2026-09-10","2026-08-11.2","https://raulmdrs.github.io/bussola-civica/parlamentares/afonso-hamm/"
"Afonso Hamm","camara","PP","Alinhamento com o governo federal","procedimental","50.2","307","537","2023-02-01","2026-09-10","2026-08-11.2","https://raulmdrs.github.io/bussola-civica/parlamentares/afonso-hamm/"
"Afonso Hamm","camara","PP","Coesão com o próprio partido","merito","70.2","450","578","2023-02-01","2026-09-10","2026-08-11.2","https://raulmdrs.github.io/bussola-civica/parlamentares/afonso-hamm/"
"Afonso Hamm","camara","PP","Coesão com o próprio partido","procedimental","67.5","388","537","2023-02-01","2026-09-10","2026-08-11.2","https://raulmdrs.github.io/bussola-civica/parlamentares/afonso-hamm/"
"Afonso Motta","camara","PDT","Alinhamento com o governo federal","merito","85.7","391","578","2023-02-01","2026-09-10","2026-08-11.2","https://raulmdrs.github.io/bussola-civica/parlamentares/afonso-motta/"
"Afonso Motta","camara","PDT","Alinhamento com o governo federal","procedimental","88.3","359","537","2023-02-01","2026-09-10","2026-08-11.2","https://raulmdrs.github.io/bussola-civica/parlamentares/afonso-motta/"
"Afonso Motta","camara","PDT","Coesão com o próprio partido","merito","92.0","485","578","2023-02-01","2026-09-10","2026-08-11.2","https://raulmdrs.github.io/bussola-civica/parlamentares/afonso-motta/"
"Afonso Motta","camara","PDT","Coesão com o próprio partido","procedimental","94.9","467","537","2023-02-01","2026-09-10","2026-08-11.2","https://raulmdrs.github.io/bussola-civica/parlamentares/afonso-motta/"
"Alceu Moreira","camara","MDB","Alinhamento com o governo federal","merito","59.8","408","578","2023-02-01","2026-09-10","2026-08-11.2","https://raulmdrs.github.io/bussola-civica/parlamentares/alceu-moreira/"
"Alceu Moreira","camara","MDB","Alinhamento com o governo federal","procedimental","56.5","329","537","2023-02-01","2026-09-10","2026-08-11.2","https://raulmdrs.github.io/bussola-civica/parlamentares/alceu-moreira/"
"Alceu Moreira","camara","MDB","Coesão com o próprio partido","merito","75.4","505","578","2023-02-01","2026-09-10","2026-08-11.2","https://raulmdrs.github.io/bussola-civica/parlamentares/alceu-moreira/"
"Alceu Moreira","camara","MDB","Coesão com o próprio partido","procedimental","73.5","423","537","2023-02-01","2026-09-10","2026-08-11.2","https://raulmdrs.github.io/bussola-civica/parlamentares/alceu-moreira/"
"Alexandre Lindenmeyer","camara","PT","Alinhamento com o governo federal","merito","95.8","378","578","2023-02-01","2026-09-10","2026-08-11.2","https://raulmdrs.github.io/bussola-civica/parlamentares/alexandre-lindenmeyer/"
"Alexandre Lindenmeyer","camara","PT","Alinhamento com o governo federal","procedimental","98.4","312","537","2023-02-01","2026-09-10","2026-08-11.2","https://raulmdrs.github.io/bussola-civica/parlamentares/alexandre-lindenmeyer/"
"Alexandre Lindenmeyer","camara","PT","Coesão com o próprio partido","merito","96.4","469","578","2023-02-01","2026-09-10","2026-08-11.2","https://raulmdrs.github.io/bussola-civica/parlamentares/alexandre-lindenmeyer/"
"Alexandre Lindenmeyer","camara","PT","Coesão com o próprio partido","procedimental","98.8","401","537","2023-02-01","2026-09-10","2026-08-11.2","https://raulmdrs.github.io/bussola-civica/parlamentares/alexandre-lindenmeyer/"
"Any Ortiz","camara","PP","Alinhamento com o governo federal","merito","35.4","384","578","2023-02-01","2026-09-10","2026-08-11.2","https://raulmdrs.github.io/bussola-civica/parlamentares/any-ortiz/"
"Any Ortiz","camara","PP","Alinhamento com o governo federal","procedimental","30.5","357","537","2023-02-01","2026-09-10","2026-08-11.2","https://raulmdrs.github.io/bussola-civica/parlamentares/any-ortiz/"
"Any Ortiz","camara","PP","Coesão com o próprio partido","merito","64.0","400","578","2023-02-01","2026-09-10","2026-08-11.2","https://raulmdrs.github.io/bussola-civica/parlamentares/any-ortiz/"
"Any Ortiz","camara","PP","Coesão com o próprio partido","procedimental","54.1","390","537","2023-02-01","2026-09-10","2026-08-11.2","https://raulmdrs.github.io/bussola-civica/parlamentares/any-ortiz/"
"Bibo Nunes","camara","PL","Alinhamento com o governo federal","merito","32.7","404","578","2023-02-01","2026-09-10","2026-08-11.2","https://raulmdrs.github.io/bussola-civica/parlamentares/bibo-nunes/"
"Bibo Nunes","camara","PL","Alinhamento com o governo federal","procedimental","24.6","345","537","2023-02-01","2026-09-10","2026-08-11.2","https://raulmdrs.github.io/bussola-civica/parlamentares/bibo-nunes/"
"Bibo Nunes","camara","PL","Coesão com o próprio partido","merito","95.0","521","578","2023-02-01","2026-09-10","2026-08-11.2","https://raulmdrs.github.io/bussola-civica/parlamentares/bibo-nunes/"
"Bibo Nunes","camara","PL","Coesão com o próprio partido","procedimental","94.7","457","537","2023-02-01","2026-09-10","2026-08-11.2","https://raulmdrs.github.io/bussola-civica/parlamentares/bibo-nunes/"
"Bohn Gass","camara","PT","Alinhamento com o governo federal","merito","97.3","410","578","2023-02-01","2026-09-10","2026-08-11.2","https://raulmdrs.github.io/bussola-civica/parlamentares/bohn-gass/"
"Bohn Gass","camara","PT","Alinhamento com o governo federal","procedimental","98.7","384","537","2023-02-01","2026-09-10","2026-08-11.2","https://raulmdrs.github.io/bussola-civica/parlamentares/bohn-gass/"
"Bohn Gass","camara","PT","Coesão com o próprio partido","merito","97.9","524","578","2023-02-01","2026-09-10","2026-08-11.2","https://raulmdrs.github.io/bussola-civica/parlamentares/bohn-gass/"
"Bohn Gass","camara","PT","Coesão com o próprio partido","procedimental","99.4","495","537","2023-02-01","2026-09-10","2026-08-11.2","https://raulmdrs.github.io/bussola-civica/parlamentares/bohn-gass/"
"Carlos Gomes","camara","REPUBLICANOS","Alinhamento com o governo federal","merito","85.3","102","179","2023-02-01","2026-09-10","2026-08-11.2","https://raulmdrs.github.io/bussola-civica/parlamentares/carlos-gomes/"
"Carlos Gomes","camara","REPUBLICANOS","Alinhamento com o governo federal","procedimental","74.8","119","185","2023-02-01","2026-09-10","2026-08-11.2","https://raulmdrs.github.io/bussola-civica/parlamentares/carlos-gomes/"
"Carlos Gomes","camara","REPUBLICANOS","Coesão com o próprio partido","merito","97.6","126","179","2023-02-01","2026-09-10","2026-08-11.2","https://raulmdrs.github.io/bussola-civica/parlamentares/carlos-gomes/"
"Carlos Gomes","camara","REPUBLICANOS","Coesão com o próprio partido","procedimental","96.6","146","185","2023-02-01","2026-09-10","2026-08-11.2","https://raulmdrs.github.io/bussola-civica/parlamentares/carlos-gomes/"
"Covatti Filho","camara","PP","Alinhamento com o governo federal","merito","36.2","354","552","2023-02-01","2026-09-10","2026-08-11.2","https://raulmdrs.github.io/bussola-civica/parlamentares/covatti-filho/"
"Covatti Filho","camara","PP","Alinhamento com o governo federal","procedimental","31.9","288","511","2023-02-01","2026-09-10","2026-08-11.2","https://raulmdrs.github.io/bussola-civica/parlamentares/covatti-filho/"
"Covatti Filho","camara","PP","Coesão com o próprio partido","merito","57.3","429","552","2023-02-01","2026-09-10","2026-08-11.2","https://raulmdrs.github.io/bussola-civica/parlamentares/covatti-filho/"
"Covatti Filho","camara","PP","Coesão com o próprio partido","procedimental","50.4","373","511","2023-02-01","2026-09-10","2026-08-11.2","https://raulmdrs.github.io/bussola-civica/parlamentares/covatti-filho/"
"Daiana Santos","camara","PCdoB","Alinhamento com o governo federal","merito","95.1","348","578","2023-02-01","2026-09-10","2026-08-11.2","https://raulmdrs.github.io/bussola-civica/parlamentares/daiana-santos/"
"Daiana Santos","camara","PCdoB","Alinhamento com o governo federal","procedimental","97.6","335","537","2023-02-01","2026-09-10","2026-08-11.2","https://raulmdrs.github.io/bussola-civica/parlamentares/daiana-santos/"
"Daiana Santos","camara","PCdoB","Coesão com o próprio partido","merito","97.3","442","578","2023-02-01","2026-09-10","2026-08-11.2","https://raulmdrs.github.io/bussola-civica/parlamentares/daiana-santos/"
"Daiana Santos","camara","PCdoB","Coesão com o próprio partido","procedimental","98.1","427","537","2023-02-01","2026-09-10","2026-08-11.2","https://raulmdrs.github.io/bussola-civica/parlamentares/daiana-santos/"
"Daniel Trzeciak","camara","PSDB","Alinhamento com o governo federal","merito","49.1","395","578","2023-02-01","2026-09-10","2026-08-11.2","https://raulmdrs.github.io/bussola-civica/parlamentares/daniel-trzeciak/"
"Daniel Trzeciak","camara","PSDB","Alinhamento com o governo federal","procedimental","51.0","335","537","2023-02-01","2026-09-10","2026-08-11.2","https://raulmdrs.github.io/bussola-civica/parlamentares/daniel-trzeciak/"
"Daniel Trzeciak","camara","PSDB","Coesão com o próprio partido","merito","72.3","488","578","2023-02-01","2026-09-10","2026-08-11.2","https://raulmdrs.github.io/bussola-civica/parlamentares/daniel-trzeciak/"
"Daniel Trzeciak","camara","PSDB","Coesão com o próprio partido","procedimental","65.7","440","537","2023-02-01","2026-09-10","2026-08-11.2","https://raulmdrs.github.io/bussola-civica/parlamentares/daniel-trzeciak/"
"Danrlei de Deus Hinterholz","camara","PSD","Alinhamento com o governo federal","merito","53.0","185","344","2023-02-01","2026-09-10","2026-08-11.2","https://raulmdrs.github.io/bussola-civica/parlamentares/danrlei-de-deus-hinterholz/"
"Danrlei de Deus Hinterholz","camara","PSD","Alinhamento com o governo federal","procedimental","40.8","147","328","2023-02-01","2026-09-10","2026-08-11.2","https://raulmdrs.github.io/bussola-civica/parlamentares/danrlei-de-deus-hinterholz/"
"Danrlei de Deus Hinterholz","camara","PSD","Coesão com o próprio partido","merito","70.4","240","344","2023-02-01","2026-09-10","2026-08-11.2","https://raulmdrs.github.io/bussola-civica/parlamentares/danrlei-de-deus-hinterholz/"
"Danrlei de Deus Hinterholz","camara","PSD","Coesão com o próprio partido","procedimental","61.8","207","328","2023-02-01","2026-09-10","2026-08-11.2","https://raulmdrs.github.io/bussola-civica/parlamentares/danrlei-de-deus-hinterholz/"
"Denise Pessôa","camara","PT","Alinhamento com o governo federal","merito","96.0","403","578","2023-02-01","2026-09-10","2026-08-11.2","https://raulmdrs.github.io/bussola-civica/parlamentares/denise-pessoa/"
"Denise Pessôa","camara","PT","Alinhamento com o governo federal","procedimental","98.1","367","537","2023-02-01","2026-09-10","2026-08-11.2","https://raulmdrs.github.io/bussola-civica/parlamentares/denise-pessoa/"
"Denise Pessôa","camara","PT","Coesão com o próprio partido","merito","97.1","514","578","2023-02-01","2026-09-10","2026-08-11.2","https://raulmdrs.github.io/bussola-civica/parlamentares/denise-pessoa/"
"Denise Pessôa","camara","PT","Coesão com o próprio partido","procedimental","98.3","481","537","2023-02-01","2026-09-10","2026-08-11.2","https://raulmdrs.github.io/bussola-civica/parlamentares/denise-pessoa/"
"Fernanda Melchionna","camara","PSOL","Alinhamento com o governo federal","merito","83.1","360","578","2023-02-01","2026-09-10","2026-08-11.2","https://raulmdrs.github.io/bussola-civica/parlamentares/fernanda-melchionna/"
"Fernanda Melchionna","camara","PSOL","Alinhamento com o governo federal","procedimental","87.7","300","537","2023-02-01","2026-09-10","2026-08-11.2","https://raulmdrs.github.io/bussola-civica/parlamentares/fernanda-melchionna/"
"Fernanda Melchionna","camara","PSOL","Coesão com o próprio partido","merito","98.0","458","578","2023-02-01","2026-09-10","2026-08-11.2","https://raulmdrs.github.io/bussola-civica/parlamentares/fernanda-melchionna/"
"Fernanda Melchionna","camara","PSOL","Coesão com o próprio partido","procedimental","98.0","402","537","2023-02-01","2026-09-10","2026-08-11.2","https://raulmdrs.github.io/bussola-civica/parlamentares/fernanda-melchionna/"
"Franciane Bayer","camara","REPUBLICANOS","Alinhamento com o governo federal","merito","57.8","396","578","2023-02-01","2026-09-10","2026-08-11.2","https://raulmdrs.github.io/bussola-civica/parlamentares/franciane-bayer/"
"Franciane Bayer","camara","REPUBLICANOS","Alinhamento com o governo federal","procedimental","64.2","358","537","2023-02-01","2026-09-10","2026-08-11.2","https://raulmdrs.github.io/bussola-civica/parlamentares/franciane-bayer/"
"Franciane Bayer","camara","REPUBLICANOS","Coesão com o próprio partido","merito","80.0","509","578","2023-02-01","2026-09-10","2026-08-11.2","https://raulmdrs.github.io/bussola-civica/parlamentares/franciane-bayer/"
"Franciane Bayer","camara","REPUBLICANOS","Coesão com o próprio partido","procedimental","83.1","472","537","2023-02-01","2026-09-10","2026-08-11.2","https://raulmdrs.github.io/bussola-civica/parlamentares/franciane-bayer/"
"Giovani Cherini","camara","PL","Alinhamento com o governo federal","merito","33.8","385","578","2023-02-01","2026-09-10","2026-08-11.2","https://raulmdrs.github.io/bussola-civica/parlamentares/giovani-cherini/"
"Giovani Cherini","camara","PL","Alinhamento com o governo federal","procedimental","22.4","335","537","2023-02-01","2026-09-10","2026-08-11.2","https://raulmdrs.github.io/bussola-civica/parlamentares/giovani-cherini/"
"Giovani Cherini","camara","PL","Coesão com o próprio partido","merito","93.4","488","578","2023-02-01","2026-09-10","2026-08-11.2","https://raulmdrs.github.io/bussola-civica/parlamentares/giovani-cherini/"
"Giovani Cherini","camara","PL","Coesão com o próprio partido","procedimental","92.2","434","537","2023-02-01","2026-09-10","2026-08-11.2","https://raulmdrs.github.io/bussola-civica/parlamentares/giovani-cherini/"
"Heitor Schuch","camara","PSD","Alinhamento com o governo federal","merito","88.1","277","578","2023-02-01","2026-09-10","2026-08-11.2","https://raulmdrs.github.io/bussola-civica/parlamentares/heitor-schuch/"
"Heitor Schuch","camara","PSD","Alinhamento com o governo federal","procedimental","92.1","239","537","2023-02-01","2026-09-10","2026-08-11.2","https://raulmdrs.github.io/bussola-civica/parlamentares/heitor-schuch/"
"Heitor Schuch","camara","PSD","Coesão com o próprio partido","merito","92.7","330","578","2023-02-01","2026-09-10","2026-08-11.2","https://raulmdrs.github.io/bussola-civica/parlamentares/heitor-schuch/"
"Heitor Schuch","camara","PSD","Coesão com o próprio partido","procedimental","94.4","303","537","2023-02-01","2026-09-10","2026-08-11.2","https://raulmdrs.github.io/bussola-civica/parlamentares/heitor-schuch/"
"Lucas Redecker","camara","PSD","Alinhamento com o governo federal","merito","42.4","427","578","2023-02-01","2026-09-10","2026-08-11.2","https://raulmdrs.github.io/bussola-civica/parlamentares/lucas-redecker/"
"Lucas Redecker","camara","PSD","Alinhamento com o governo federal","procedimental","41.9","389","537","2023-02-01","2026-09-10","2026-08-11.2","https://raulmdrs.github.io/bussola-civica/parlamentares/lucas-redecker/"
"Lucas Redecker","camara","PSD","Coesão com o próprio partido","merito","64.3","540","578","2023-02-01","2026-09-10","2026-08-11.2","https://raulmdrs.github.io/bussola-civica/parlamentares/lucas-redecker/"
"Lucas Redecker","camara","PSD","Coesão com o próprio partido","procedimental","57.3","506","537","2023-02-01","2026-09-10","2026-08-11.2","https://raulmdrs.github.io/bussola-civica/parlamentares/lucas-redecker/"
"Luiz Carlos Busato","camara","UNIÃO","Alinhamento com o governo federal","merito","77.2","395","578","2023-02-01","2026-09-10","2026-08-11.2","https://raulmdrs.github.io/bussola-civica/parlamentares/luiz-carlos-busato/"
"Luiz Carlos Busato","camara","UNIÃO","Alinhamento com o governo federal","procedimental","79.3","367","537","2023-02-01","2026-09-10","2026-08-11.2","https://raulmdrs.github.io/bussola-civica/parlamentares/luiz-carlos-busato/"
"Luiz Carlos Busato","camara","UNIÃO","Coesão com o próprio partido","merito","91.9","495","578","2023-02-01","2026-09-10","2026-08-11.2","https://raulmdrs.github.io/bussola-civica/parlamentares/luiz-carlos-busato/"
"Luiz Carlos Busato","camara","UNIÃO","Coesão com o próprio partido","procedimental","94.7","471","537","2023-02-01","2026-09-10","2026-08-11.2","https://raulmdrs.github.io/bussola-civica/parlamentares/luiz-carlos-busato/"
"Marcel van Hattem","camara","NOVO","Alinhamento com o governo federal","merito","27.7","404","578","2023-02-01","2026-09-10","2026-08-11.2","https://raulmdrs.github.io/bussola-civica/parlamentares/marcel-van-hattem/"
"Marcel van Hattem","camara","NOVO","Alinhamento com o governo federal","procedimental","12.5","345","537","2023-02-01","2026-09-10","2026-08-11.2","https://raulmdrs.github.io/bussola-civica/parlamentares/marcel-van-hattem/"
"Marcel van Hattem","camara","NOVO","Coesão com o próprio partido","merito","99.2","513","578","2023-02-01","2026-09-10","2026-08-11.2","https://raulmdrs.github.io/bussola-civica/parlamentares/marcel-van-hattem/"
"Marcel van Hattem","camara","NOVO","Coesão com o próprio partido","procedimental","99.8","462","537","2023-02-01","2026-09-10","2026-08-11.2","https://raulmdrs.github.io/bussola-civica/parlamentares/marcel-van-hattem/"
"Marcelo Moraes","camara","PL","Alinhamento com o governo federal","merito","31.1","338","578","2023-02-01","2026-09-10","2026-08-11.2","https://raulmdrs.github.io/bussola-civica/parlamentares/marcelo-moraes/"
"Marcelo Moraes","camara","PL","Alinhamento com o governo federal","procedimental","16.7","282","537","2023-02-01","2026-09-10","2026-08-11.2","https://raulmdrs.github.io/bussola-civica/parlamentares/marcelo-moraes/"
"Marcelo Moraes","camara","PL","Coesão com o próprio partido","merito","94.0","434","578","2023-02-01","2026-09-10","2026-08-11.2","https://raulmdrs.github.io/bussola-civica/parlamentares/marcelo-moraes/"
"Marcelo Moraes","camara","PL","Coesão com o próprio partido","procedimental","91.0","378","537","2023-02-01","2026-09-10","2026-08-11.2","https://raulmdrs.github.io/bussola-civica/parlamentares/marcelo-moraes/"
"Marcon","camara","PT","Alinhamento com o governo federal","merito","94.5","401","578","2023-02-01","2026-09-10","2026-08-11.2","https://raulmdrs.github.io/bussola-civica/parlamentares/marcon/"
"Marcon","camara","PT","Alinhamento com o governo federal","procedimental","96.7","359","537","2023-02-01","2026-09-10","2026-08-11.2","https://raulmdrs.github.io/bussola-civica/parlamentares/marcon/"
"Marcon","camara","PT","Coesão com o próprio partido","merito","95.6","496","578","2023-02-01","2026-09-10","2026-08-11.2","https://raulmdrs.github.io/bussola-civica/parlamentares/marcon/"
"Marcon","camara","PT","Coesão com o próprio partido","procedimental","97.8","464","537","2023-02-01","2026-09-10","2026-08-11.2","https://raulmdrs.github.io/bussola-civica/parlamentares/marcon/"
"Maria do Rosário","camara","PT","Alinhamento com o governo federal","merito","95.1","346","578","2023-02-01","2026-09-10","2026-08-11.2","https://raulmdrs.github.io/bussola-civica/parlamentares/maria-do-rosario/"
"Maria do Rosário","camara","PT","Alinhamento com o governo federal","procedimental","97.9","285","537","2023-02-01","2026-09-10","2026-08-11.2","https://raulmdrs.github.io/bussola-civica/parlamentares/maria-do-rosario/"
"Maria do Rosário","camara","PT","Coesão com o próprio partido","merito","96.8","431","578","2023-02-01","2026-09-10","2026-08-11.2","https://raulmdrs.github.io/bussola-civica/parlamentares/maria-do-rosario/"
"Maria do Rosário","camara","PT","Coesão com o próprio partido","procedimental","98.9","373","537","2023-02-01","2026-09-10","2026-08-11.2","https://raulmdrs.github.io/bussola-civica/parlamentares/maria-do-rosario/"
"Mauricio Marcon","camara","PL","Alinhamento com o governo federal","merito","28.8","416","578","2023-02-01","2026-09-10","2026-08-11.2","https://raulmdrs.github.io/bussola-civica/parlamentares/mauricio-marcon/"
"Mauricio Marcon","camara","PL","Alinhamento com o governo federal","procedimental","20.4","388","537","2023-02-01","2026-09-10","2026-08-11.2","https://raulmdrs.github.io/bussola-civica/parlamentares/mauricio-marcon/"
"Mauricio Marcon","camara","PL","Coesão com o próprio partido","merito","51.3","526","578","2023-02-01","2026-09-10","2026-08-11.2","https://raulmdrs.github.io/bussola-civica/parlamentares/mauricio-marcon/"
"Mauricio Marcon","camara","PL","Coesão com o próprio partido","procedimental","44.5","499","537","2023-02-01","2026-09-10","2026-08-11.2","https://raulmdrs.github.io/bussola-civica/parlamentares/mauricio-marcon/"
"Márcio Biolchi","camara","MDB","Alinhamento com o governo federal","merito","83.2","316","578","2023-02-01","2026-09-10","2026-08-11.2","https://raulmdrs.github.io/bussola-civica/parlamentares/marcio-biolchi/"
"Márcio Biolchi","camara","MDB","Alinhamento com o governo federal","procedimental","78.1","310","537","2023-02-01","2026-09-10","2026-08-11.2","https://raulmdrs.github.io/bussola-civica/parlamentares/marcio-biolchi/"
"Márcio Biolchi","camara","MDB","Coesão com o próprio partido","merito","90.2","409","578","2023-02-01","2026-09-10","2026-08-11.2","https://raulmdrs.github.io/bussola-civica/parlamentares/marcio-biolchi/"
"Márcio Biolchi","camara","MDB","Coesão com o próprio partido","procedimental","91.6","391","537","2023-02-01","2026-09-10","2026-08-11.2","https://raulmdrs.github.io/bussola-civica/parlamentares/marcio-biolchi/"
"Osmar Terra","camara","PL","Alinhamento com o governo federal","merito","30.3","357","578","2023-02-01","2026-09-10","2026-08-11.2","https://raulmdrs.github.io/bussola-civica/parlamentares/osmar-terra/"
"Osmar Terra","camara","PL","Alinhamento com o governo federal","procedimental","22.8","303","537","2023-02-01","2026-09-10","2026-08-11.2","https://raulmdrs.github.io/bussola-civica/parlamentares/osmar-terra/"
"Osmar Terra","camara","PL","Coesão com o próprio partido","merito","63.8","447","578","2023-02-01","2026-09-10","2026-08-11.2","https://raulmdrs.github.io/bussola-civica/parlamentares/osmar-terra/"
"Osmar Terra","camara","PL","Coesão com o próprio partido","procedimental","59.6","394","537","2023-02-01","2026-09-10","2026-08-11.2","https://raulmdrs.github.io/bussola-civica/parlamentares/osmar-terra/"
"Paulo Pimenta","camara","PT","Alinhamento com o governo federal","merito","97.1","205","279","2023-02-01","2026-09-10","2026-08-11.2","https://raulmdrs.github.io/bussola-civica/parlamentares/paulo-pimenta/"
"Paulo Pimenta","camara","PT","Alinhamento com o governo federal","procedimental","97.5","162","265","2023-02-01","2026-09-10","2026-08-11.2","https://raulmdrs.github.io/bussola-civica/parlamentares/paulo-pimenta/"
"Paulo Pimenta","camara","PT","Coesão com o próprio partido","merito","98.0","251","279","2023-02-01","2026-09-10","2026-08-11.2","https://raulmdrs.github.io/bussola-civica/parlamentares/paulo-pimenta/"
"Paulo Pimenta","camara","PT","Coesão com o próprio partido","procedimental","98.7","234","265","2023-02-01","2026-09-10","2026-08-11.2","https://raulmdrs.github.io/bussola-civica/parlamentares/paulo-pimenta/"
"Pedro Westphalen","camara","PP","Alinhamento com o governo federal","merito","49.9","383","578","2023-02-01","2026-09-10","2026-08-11.2","https://raulmdrs.github.io/bussola-civica/parlamentares/pedro-westphalen/"
"Pedro Westphalen","camara","PP","Alinhamento com o governo federal","procedimental","42.2","327","537","2023-02-01","2026-09-10","2026-08-11.2","https://raulmdrs.github.io/bussola-civica/parlamentares/pedro-westphalen/"
"Pedro Westphalen","camara","PP","Coesão com o próprio partido","merito","70.0","493","578","2023-02-01","2026-09-10","2026-08-11.2","https://raulmdrs.github.io/bussola-civica/parlamentares/pedro-westphalen/"
"Pedro Westphalen","camara","PP","Coesão com o próprio partido","procedimental","64.0","428","537","2023-02-01","2026-09-10","2026-08-11.2","https://raulmdrs.github.io/bussola-civica/parlamentares/pedro-westphalen/"
"Pompeo de Mattos","camara","PDT","Alinhamento com o governo federal","merito","84.5","375","578","2023-02-01","2026-09-10","2026-08-11.2","https://raulmdrs.github.io/bussola-civica/parlamentares/pompeo-de-mattos/"
"Pompeo de Mattos","camara","PDT","Alinhamento com o governo federal","procedimental","85.0","334","537","2023-02-01","2026-09-10","2026-08-11.2","https://raulmdrs.github.io/bussola-civica/parlamentares/pompeo-de-mattos/"
"Pompeo de Mattos","camara","PDT","Coesão com o próprio partido","merito","89.4","463","578","2023-02-01","2026-09-10","2026-08-11.2","https://raulmdrs.github.io/bussola-civica/parlamentares/pompeo-de-mattos/"
"Pompeo de Mattos","camara","PDT","Coesão com o próprio partido","procedimental","90.7","443","537","2023-02-01","2026-09-10","2026-08-11.2","https://raulmdrs.github.io/bussola-civica/parlamentares/pompeo-de-mattos/"
"Sanderson","camara","PL","Alinhamento com o governo federal","merito","29.7","391","578","2023-02-01","2026-09-10","2026-08-11.2","https://raulmdrs.github.io/bussola-civica/parlamentares/sanderson/"
"Sanderson","camara","PL","Alinhamento com o governo federal","procedimental","15.6","326","537","2023-02-01","2026-09-10","2026-08-11.2","https://raulmdrs.github.io/bussola-civica/parlamentares/sanderson/"
"Sanderson","camara","PL","Coesão com o próprio partido","merito","93.5","505","578","2023-02-01","2026-09-10","2026-08-11.2","https://raulmdrs.github.io/bussola-civica/parlamentares/sanderson/"
"Sanderson","camara","PL","Coesão com o próprio partido","procedimental","89.8","432","537","2023-02-01","2026-09-10","2026-08-11.2","https://raulmdrs.github.io/bussola-civica/parlamentares/sanderson/"
"Zucco","camara","PL","Alinhamento com o governo federal","merito","31.5","432","578","2023-02-01","2026-09-10","2026-08-11.2","https://raulmdrs.github.io/bussola-civica/parlamentares/zucco/"
"Zucco","camara","PL","Alinhamento com o governo federal","procedimental","20.7","377","537","2023-02-01","2026-09-10","2026-08-11.2","https://raulmdrs.github.io/bussola-civica/parlamentares/zucco/"
"Zucco","camara","PL","Coesão com o próprio partido","merito","82.8","551","578","2023-02-01","2026-09-10","2026-08-11.2","https://raulmdrs.github.io/bussola-civica/parlamentares/zucco/"
"Zucco","camara","PL","Coesão com o próprio partido","procedimental","81.5","498","537","2023-02-01","2026-09-10","2026-08-11.2","https://raulmdrs.github.io/bussola-civica/parlamentares/zucco/"
"Hamilton Mourão","senado","REPUBLICANOS","Coesão com o próprio partido","unico","85.7","105","117","2023-02-01","2026-09-10","2026-08-11.2","https://raulmdrs.github.io/bussola-civica/senadores/hamilton-mourao/"
"Luis Carlos Heinze","senado","PP","Coesão com o próprio partido","unico","87.5","80","117","2023-02-01","2026-09-10","2026-08-11.2","https://raulmdrs.github.io/bussola-civica/senadores/luis-carlos-heinze/"
"Paulo Paim","senado","PT","Coesão com o próprio partido","unico","93.5","107","117","2023-02-01","2026-09-10","2026-08-11.2","https://raulmdrs.github.io/bussola-civica/senadores/paulo-paim/"
